Ecosystem,Location,General location,Latitude,Longitude,Study,Year,Citation,Original Article if Cited in Review,latlon,dataset
SaltMarsh,"Alviso, San Francisco Bay, Calif.",California,37.5,-122,Chmura et al.,2003,"Chmura, G. L., S. C. Anisfeld, et al. (2003). ""Global carbon sequestration in tidal, saline wetland soils."" Global Biogeochemical Cycles 17(4): 1-12",Patrick and DeLaune 1990,37.5_-122.0,valid
SaltMarsh,"Bird Island, San Francisco Bay, Calif.",California,37.6,-122.2,Chmura et al.,2003,"Chmura, G. L., S. C. Anisfeld, et al. (2003). ""Global carbon sequestration in tidal, saline wetland soils."" Global Biogeochemical Cycles 17(4): 1-12",Patrick and DeLaune 1990,37.6_-122.2,valid
SaltMarsh,"Tijuana Slough, Calif.",California,32.6,-117.1,Chmura et al.,2003,"Chmura, G. L., S. C. Anisfeld, et al. (2003). ""Global carbon sequestration in tidal, saline wetland soils."" Global Biogeochemical Cycles 17(4): 1-12",Cahoon unpublished data 1993,32.6_-117.1,valid
SaltMarsh,"Tijuana Slough, Calif.",California,32.5,-117.1,Chmura et al.,2003,"Chmura, G. L., S. C. Anisfeld, et al. (2003). ""Global carbon sequestration in tidal, saline wetland soils."" Global Biogeochemical Cycles 17(4): 1-12",Cahoon et al 1996,32.5_-117.1,valid
SaltMarsh,Ballona Wetlands Los Angeles,California,33.97,-118.44,Brevik and Homburg,2004,"Brevik, E. C. and J. A. Homburg (2004). ""A 5000 year record of carbon sequestration from a coastal lagoon and wetland complex, Southern California, USA."" Catena 57: 221-232",Orson et al 1998,33.97_-118.44,valid
SaltMarsh,Dorchester County Maryland,Chesapeake Bay,38.35,-76.17,Hussein et al.,2004,"Hussein, A. H., M. C. Rabenhorst, et al. (2004). ""Modeling of carbon sequestration in coastal marsh soils."" Soil Science Society of America Journal 68: 1786-1795.",.,38.35_-76.17,train
SaltMarsh,Dorchester County Maryland,Chesapeake Bay,38.32,-76.07,Hussein et al.,2004,"Hussein, A. H., M. C. Rabenhorst, et al. (2004). ""Modeling of carbon sequestration in coastal marsh soils."" Soil Science Society of America Journal 68: 1786-1795.",.,38.32_-76.07,train
SaltMarsh,"MCL8, Chesapeake Bay, Md.",Chesapeake Bay,38.3,-75.9,Chmura et al.,2003,"Chmura, G. L., S. C. Anisfeld, et al. (2003). ""Global carbon sequestration in tidal, saline wetland soils."" Global Biogeochemical Cycles 17(4): 1-12",Kearney and Stevenson 1991,38.3_-75.9,train
SaltMarsh,"Skallingen, Denmark",Denmark,55.5,8.4,Chmura et al.,2003,"Chmura, G. L., S. C. Anisfeld, et al. (2003). ""Global carbon sequestration in tidal, saline wetland soils."" Global Biogeochemical Cycles 17(4): 1-12",Morris and Jensen 1998,55.5_8.4,test
SaltMarsh,St. Marks National Wildlife Refuge Florida ,Florida,30.05,-84.1,Choi and wang,2001,"Choi, Y. and Y. Wang (2001). ""Vegetation succession and carbon sequestration in a coastal wetland in northwest Florida: Evidence from carbon isotopes."" Global Biogeochemical Cycles 15(2): 311-319.",.,30.05_-84.1,train
SaltMarsh,"St. Marks, Fla.",Florida,30.1,-84.2,Chmura et al.,2003,"Chmura, G. L., S. C. Anisfeld, et al. (2003). ""Global carbon sequestration in tidal, saline wetland soils."" Global Biogeochemical Cycles 17(4): 1-12",Cahoon and Lynch unpublished data,30.1_-84.2,train
SaltMarsh,"Rhone Delta, France",France,43.3,4.6,Chmura et al.,2003,"Chmura, G. L., S. C. Anisfeld, et al. (2003). ""Global carbon sequestration in tidal, saline wetland soils."" Global Biogeochemical Cycles 17(4): 1-12",Hensel et al. 1999,43.3_4.6,test
SaltMarsh,"Cameron Parish, La.",Gulf of Mexico,29.5,-93.2,Chmura et al.,2003,"Chmura, G. L., S. C. Anisfeld, et al. (2003). ""Global carbon sequestration in tidal, saline wetland soils."" Global Biogeochemical Cycles 17(4): 1-12",Cahoon and Turner 1989,29.5_-93.2,train
SaltMarsh,"McFaddin National Wildlife Refuge, Tex.",Gulf of Mexico,29.7,-94.1,Chmura et al.,2003,"Chmura, G. L., S. C. Anisfeld, et al. (2003). ""Global carbon sequestration in tidal, saline wetland soils."" Global Biogeochemical Cycles 17(4): 1-12",Cahoon and Lynch unpublished data,29.7_-94.1,train
SaltMarsh,"Barataria Basin, La.",Gulf of Mexico,29.5,-90,Chmura et al.,2003,"Chmura, G. L., S. C. Anisfeld, et al. (2003). ""Global carbon sequestration in tidal, saline wetland soils."" Global Biogeochemical Cycles 17(4): 1-12",Hatton 1981,29.5_-90.0,train
SaltMarsh,"Three Bayous, La.",Gulf of Mexico,29.6,-90.1,Chmura et al.,2003,"Chmura, G. L., S. C. Anisfeld, et al. (2003). ""Global carbon sequestration in tidal, saline wetland soils."" Global Biogeochemical Cycles 17(4): 1-12",Cahoon and Lynch unpublished data,29.6_-90.1,train
SaltMarsh,"Bayou Chitigue, La.",Gulf of Mexico,29.3,-90.6,Chmura et al.,2003,"Chmura, G. L., S. C. Anisfeld, et al. (2003). ""Global carbon sequestration in tidal, saline wetland soils."" Global Biogeochemical Cycles 17(4): 1-12",Cahoon and Lynch unpublished data,29.3_-90.6,train
SaltMarsh,"Fina la Terre, La.",Gulf of Mexico,29,-91,Chmura et al.,2003,"Chmura, G. L., S. C. Anisfeld, et al. (2003). ""Global carbon sequestration in tidal, saline wetland soils."" Global Biogeochemical Cycles 17(4): 1-12",Cahoon 1994,29.0_-91.0,train
SaltMarsh,"Old Oyster Bayou, La.",Gulf of Mexico,29.3,-91.1,Chmura et al.,2003,"Chmura, G. L., S. C. Anisfeld, et al. (2003). ""Global carbon sequestration in tidal, saline wetland soils."" Global Biogeochemical Cycles 17(4): 1-12",Cahoon and Lynch unpublished data,29.3_-91.1,train
SaltMarsh,"Lafourche Parish, La.",Gulf of Mexico,29.5,-90.3,Chmura et al.,2003,"Chmura, G. L., S. C. Anisfeld, et al. (2003). ""Global carbon sequestration in tidal, saline wetland soils."" Global Biogeochemical Cycles 17(4): 1-12",Cahoon and Turner 1989,29.5_-90.3,train
SaltMarsh,"Biloxi Bay, Miss.",Gulf of Mexico,30.4,-88.9,Chmura et al.,2003,"Chmura, G. L., S. C. Anisfeld, et al. (2003). ""Global carbon sequestration in tidal, saline wetland soils."" Global Biogeochemical Cycles 17(4): 1-12",Callaway et al. 1997,30.4_-88.9,train
SaltMarsh,"Rockefeller Refuge, La.",Gulf of Mexico,29.5,-92.7,Chmura et al.,2003,"Chmura, G. L., S. C. Anisfeld, et al. (2003). ""Global carbon sequestration in tidal, saline wetland soils."" Global Biogeochemical Cycles 17(4): 1-12",Cahoon 1994,29.5_-92.7,train
SaltMarsh,"St. Bernard Parish, La.",Gulf of Mexico,30,-89.9,Chmura et al.,2003,"Chmura, G. L., S. C. Anisfeld, et al. (2003). ""Global carbon sequestration in tidal, saline wetland soils."" Global Biogeochemical Cycles 17(4): 1-12",Markewich et al. 1998,30.0_-89.9,train
SaltMarsh,"San Bernard, Tex.",Gulf of Mexico,29.1,-95.6,Chmura et al.,2003,"Chmura, G. L., S. C. Anisfeld, et al. (2003). ""Global carbon sequestration in tidal, saline wetland soils."" Global Biogeochemical Cycles 17(4): 1-12",Callaway et al. 1997,29.1_-95.6,train
SaltMarsh,"Aransas, Tex.",Gulf of Mexico,28.4,-96.8,Chmura et al.,2003,"Chmura, G. L., S. C. Anisfeld, et al. (2003). ""Global carbon sequestration in tidal, saline wetland soils."" Global Biogeochemical Cycles 17(4): 1-12",Callaway et al. 1997,28.4_-96.8,train
SaltMarsh,"Rockefeller Wildlife Refuge unit 14, La.",Gulf of Mexico,29.7,-92.7,Chmura et al.,2003,"Chmura, G. L., S. C. Anisfeld, et al. (2003). ""Global carbon sequestration in tidal, saline wetland soils."" Global Biogeochemical Cycles 17(4): 1-12",Bryant and Chabrek 1998,29.7_-92.7,train
SaltMarsh,"Unit 1, Marsh Island Refuge, La.",Gulf of Mexico,29.5,-91.9,Chmura et al.,2003,"Chmura, G. L., S. C. Anisfeld, et al. (2003). ""Global carbon sequestration in tidal, saline wetland soils."" Global Biogeochemical Cycles 17(4): 1-12",Bryant and Chabrek 1998,29.5_-91.9,train
SaltMarsh,"Unit 15, Rockefeller Wildlife Refuge, La.",Gulf of Mexico,29.6,-92.7,Chmura et al.,2003,"Chmura, G. L., S. C. Anisfeld, et al. (2003). ""Global carbon sequestration in tidal, saline wetland soils."" Global Biogeochemical Cycles 17(4): 1-12",Bryant and Chabrek 1998,29.6_-92.7,train
SaltMarsh,"Sabine National Wildlife Refuge unit 3, La.",Gulf of Mexico,29.9,-93.5,Chmura et al.,2003,"Chmura, G. L., S. C. Anisfeld, et al. (2003). ""Global carbon sequestration in tidal, saline wetland soils."" Global Biogeochemical Cycles 17(4): 1-12",Bryant and Chabrek 1998,29.9_-93.5,train
SaltMarsh,"Uculet, B. C.",NW Canada,48.9,-125.5,Chmura et al.,2003,"Chmura, G. L., S. C. Anisfeld, et al. (2003). ""Global carbon sequestration in tidal, saline wetland soils."" Global Biogeochemical Cycles 17(4): 1-12",Chmura unpublished data 1997,48.9_-125.5,train
SaltMarsh,"Cape Enrage, Bay of Fundy, N. B.",NE Canada,45.6,-64.8,Chmura et al.,2003,"Chmura, G. L., S. C. Anisfeld, et al. (2003). ""Global carbon sequestration in tidal, saline wetland soils."" Global Biogeochemical Cycles 17(4): 1-12",Chmura unpublished data 1997,45.6_-64.8,train
SaltMarsh,"Lawrencetown Lake, N. S.",NE Canada,44.7,-63.4,Chmura et al.,2006,"Chmura, G. L., S. C. Anisfeld, et al. (2003). ""Global carbon sequestration in tidal, saline wetland soils."" Global Biogeochemical Cycles 17(4): 1-12",Chmura and Hung 2003,44.7_-63.4,train
SaltMarsh,"St. Martins, Bay of Fundy, N. B.",NE Canada,45.9,-65.5,Chmura et al.,2003,"Chmura, G. L., S. C. Anisfeld, et al. (2003). ""Global carbon sequestration in tidal, saline wetland soils."" Global Biogeochemical Cycles 17(4): 1-12",Chmura unpublished data 1997,45.9_-65.5,train
SaltMarsh,"Wood Point, Bay of Fundy, N. B.",NE Canada,45.8,-64.4,Chmura et al.,2003,"Chmura, G. L., S. C. Anisfeld, et al. (2003). ""Global carbon sequestration in tidal, saline wetland soils."" Global Biogeochemical Cycles 17(4): 1-12",Chmura unpublished data 1997,45.8_-64.4,train
SaltMarsh,"St. Martins, Bay of Fundy, N. B.",NE Canada,45.3,-65.5,Chmura et al.,2003,"Chmura, G. L., S. C. Anisfeld, et al. (2003). ""Global carbon sequestration in tidal, saline wetland soils."" Global Biogeochemical Cycles 17(4): 1-12",Chmura unpublished data 1997,45.3_-65.5,train
SaltMarsh,"Lorneville, Bay of Fundy, N. B.",NE Canada,45.2,-66.2,Chmura et al.,2003,"Chmura, G. L., S. C. Anisfeld, et al. (2003). ""Global carbon sequestration in tidal, saline wetland soils."" Global Biogeochemical Cycles 17(4): 1-12",Chmura unpublished data 1997,45.2_-66.2,train
SaltMarsh,"Malpeque Bay, Gulf of St. Lawrence, Prince Edward Island",NE Canada,46.5,-63.7,Chmura et al.,2006,"Chmura, G. L., S. C. Anisfeld, et al. (2003). ""Global carbon sequestration in tidal, saline wetland soils."" Global Biogeochemical Cycles 17(4): 1-12",Chmura and Hung 2003,46.5_-63.7,train
SaltMarsh,"Dipper Harbour, Bay of Fundy, N. B.",NE Canada,45.1,-66.4,Chmura et al.,2003,"Chmura, G. L., S. C. Anisfeld, et al. (2003). ""Global carbon sequestration in tidal, saline wetland soils."" Global Biogeochemical Cycles 17(4): 1-12",Chmura unpublished data 1997,45.1_-66.4,train
SaltMarsh,"Kouchigouguacis Lagoon, Gulf of St. Lawrence, N. B.",NE Canada,46.7,-64.9,Chmura et al.,2003,"Chmura, G. L., S. C. Anisfeld, et al. (2003). ""Global carbon sequestration in tidal, saline wetland soils."" Global Biogeochemical Cycles 17(4): 1-12",Chmura and Hung 2003,46.7_-64.9,train
SaltMarsh,"Bay St-Louis, Gulf of St. Lawrence, N. B.",NE Canada,46.8,-64.9,Chmura et al.,2004,"Chmura, G. L., S. C. Anisfeld, et al. (2003). ""Global carbon sequestration in tidal, saline wetland soils."" Global Biogeochemical Cycles 17(4): 1-12",Chmura and Hung 2003,46.8_-64.9,train
SaltMarsh,"Tabusintac Bay, Gulf of St. Lawrence, N. B.",NE Canada,47.4,-65,Chmura et al.,2005,"Chmura, G. L., S. C. Anisfeld, et al. (2003). ""Global carbon sequestration in tidal, saline wetland soils."" Global Biogeochemical Cycles 17(4): 1-12",Chmura and Hung 2003,47.4_-65.0,train
SaltMarsh,"Rustico Bay, Prince Edward Island",NE Canada,46.4,-63.2,Chmura et al.,2008,"Chmura, G. L., S. C. Anisfeld, et al. (2003). ""Global carbon sequestration in tidal, saline wetland soils."" Global Biogeochemical Cycles 17(4): 1-12",Chmura and Hung 2003,46.4_-63.2,train
SaltMarsh,"Bocabec River, Bay of Fundy, N. B.",NE Canada,45.1,-67,Chmura et al.,2003,"Chmura, G. L., S. C. Anisfeld, et al. (2003). ""Global carbon sequestration in tidal, saline wetland soils."" Global Biogeochemical Cycles 17(4): 1-12",Hatton 1983,45.1_-67.0,train
SaltMarsh,"Chance Harbour, Bay of Fundy, N. B.",NE Canada,45.1,-66.3,Chmura et al.,2003,"Chmura, G. L., S. C. Anisfeld, et al. (2003). ""Global carbon sequestration in tidal, saline wetland soils."" Global Biogeochemical Cycles 17(4): 1-12",Connor et al 2001,45.1_-66.3,train
SaltMarsh,"Pubnico Harbour, Gulf of Maine, N. S.",NE Canada,43.6,-65.3,Chmura et al.,2008,"Chmura, G. L., S. C. Anisfeld, et al. (2003). ""Global carbon sequestration in tidal, saline wetland soils."" Global Biogeochemical Cycles 17(4): 1-12",Chmura and Hung 2003,43.6_-65.3,train
SaltMarsh,"Cheboque Harbour, Gulf of Maine, N. S.",NE Canada,43.8,-66.1,Chmura et al.,2003,"Chmura, G. L., S. C. Anisfeld, et al. (2003). ""Global carbon sequestration in tidal, saline wetland soils."" Global Biogeochemical Cycles 17(4): 1-12",Chmura and Hung 2003,43.8_-66.1,train
SaltMarsh,"Little Lepreau, Bay of Fundy, N. B.",NE Canada,45.1,-66.5,Chmura et al.,2003,"Chmura, G. L., S. C. Anisfeld, et al. (2003). ""Global carbon sequestration in tidal, saline wetland soils."" Global Biogeochemical Cycles 17(4): 1-12",Connor et al 2001,45.1_-66.5,train
SaltMarsh,"Little River Harbour, Gulf of Maine, N. S.",NE Canada,43.7,-66.1,Chmura et al.,2004,"Chmura, G. L., S. C. Anisfeld, et al. (2003). ""Global carbon sequestration in tidal, saline wetland soils."" Global Biogeochemical Cycles 17(4): 1-12",Chmura and Hung 2003,43.7_-66.1,train
SaltMarsh,"Scheldt, Netherlands",Netherlands,51.5,4.1,Chmura et al.,2003,"Chmura, G. L., S. C. Anisfeld, et al. (2003). ""Global carbon sequestration in tidal, saline wetland soils."" Global Biogeochemical Cycles 17(4): 1-12",Oenema and Delaune 1988,51.5_4.1,test
SaltMarsh,"Wells National Estuarine Research Reserve, Maine",New England,43.3,-70.5,Chmura et al.,2003,"Chmura, G. L., S. C. Anisfeld, et al. (2003). ""Global carbon sequestration in tidal, saline wetland soils."" Global Biogeochemical Cycles 17(4): 1-12",Chmura unpublished data 1997,43.3_-70.5,train
SaltMarsh,"Farm River, Conn.",New England,41.2,-72.9,Chmura et al.,2005,"Chmura, G. L., S. C. Anisfeld, et al. (2003). ""Global carbon sequestration in tidal, saline wetland soils."" Global Biogeochemical Cycles 17(4): 1-12",McCaffrey and Thomson 1980,41.2_-72.9,train
SaltMarsh,"Sluice 1, Conn.",New England,41.2,-72.7,Chmura et al.,2003,"Chmura, G. L., S. C. Anisfeld, et al. (2003). ""Global carbon sequestration in tidal, saline wetland soils."" Global Biogeochemical Cycles 17(4): 1-12",Anisfeld et al 1999 and S.C. Aniseld unpublished data 1995,41.2_-72.7,train
SaltMarsh,"Branford River 2, Conn.",New England,41.2,-72.6,Chmura et al.,2004,"Chmura, G. L., S. C. Anisfeld, et al. (2003). ""Global carbon sequestration in tidal, saline wetland soils."" Global Biogeochemical Cycles 17(4): 1-12",Anisfeld et al 1999 and S.C. Aniseld unpublished data 1995,41.2_-72.6,train
SaltMarsh,"Inlet 1, Nauset Bay, Mass.",New England,41.5,-70,Chmura et al.,2003,"Chmura, G. L., S. C. Anisfeld, et al. (2003). ""Global carbon sequestration in tidal, saline wetland soils."" Global Biogeochemical Cycles 17(4): 1-12",Roman et al 1997,41.5_-70.0,train
SaltMarsh,"Hoadley 3, Conn.",New England,41.2,-72,Chmura et al.,2003,"Chmura, G. L., S. C. Anisfeld, et al. (2003). ""Global carbon sequestration in tidal, saline wetland soils."" Global Biogeochemical Cycles 17(4): 1-12",Anisfeld et al 1999 and S.C. Aniseld unpublished data 1995,41.2_-72.0,train
SaltMarsh,"BloomÆs Point, Little Narragansett Bay, Conn.",New England,41.3,-71.9,Chmura et al.,2006,"Chmura, G. L., S. C. Anisfeld, et al. (2003). ""Global carbon sequestration in tidal, saline wetland soils."" Global Biogeochemical Cycles 17(4): 1-12",Orson et al 1998,41.3_-71.9,train
SaltMarsh,Maine,New England,43.75,-69.83,Johnson et al.,2007,"Johnson, B. J., K. A. Moore, et al. (2007). ""Middle to late Holocene fluctuations of C3 and C4 vegetation in a northern New England salt marsh, Sprague Marsh, Phippsburg Maine."" Organic Geochemistry 38: 398-403.",.,43.75_-69.83,train
SaltMarsh,"Cedar Island National Wildlife Refuge, N. C.",North Carolina,35,-76.4,Chmura et al.,2003,"Chmura, G. L., S. C. Anisfeld, et al. (2003). ""Global carbon sequestration in tidal, saline wetland soils."" Global Biogeochemical Cycles 17(4): 1-12",Cahoon and Lynch unpublished data,35.0_-76.4,train
SaltMarsh,"Hut marsh, UK",UK,53,0.7,Chmura et al.,2003,"Chmura, G. L., S. C. Anisfeld, et al. (2003). ""Global carbon sequestration in tidal, saline wetland soils."" Global Biogeochemical Cycles 17(4): 1-12",French and Spencer 1993,53.0_0.7,test
SaltMarsh,"Dengie Marsh, UK",UK,51.7,0.9,Chmura et al.,2003,"Chmura, G. L., S. C. Anisfeld, et al. (2003). ""Global carbon sequestration in tidal, saline wetland soils."" Global Biogeochemical Cycles 17(4): 1-12",Callaway et al 1996,51.7_0.9,test
SaltMarsh,Netherlands,Europe,52.32,4.2,Cebrian et al,2002,"Cebrian, J. (2002). ""Variability and control of carbon consumption, export, and accumulation in marine communities."" Limnology and Oceanography 47(1): 11-22.",Buth 1987,52.32_4.2,test
SaltMarsh,Georgia,GA,31.4,-81.21,Cebrian et al,2002,"Cebrian, J. (2002). ""Variability and control of carbon consumption, export, and accumulation in marine communities."" Limnology and Oceanography 47(1): 11-22.",Teal 1962,31.4_-81.21,train
SaltMarsh,Hong Kong,Hong Kong,22.33,113.98,Cebrian et al,2002,"Cebrian, J. (2002). ""Variability and control of carbon consumption, export, and accumulation in marine communities."" Limnology and Oceanography 47(1): 11-22.",Lee 1990,22.33_113.98,train
SaltMarsh,Lousiana,Lousiana,29.35,-91.7,Cebrian et al,2002,"Cebrian, J. (2002). ""Variability and control of carbon consumption, export, and accumulation in marine communities."" Limnology and Oceanography 47(1): 11-22.",Day et al. 1973,29.35_-91.7,train
SaltMarsh,Virginia,MD,37.6,-76.15,Cebrian et al,2002,"Cebrian, J. (2002). ""Variability and control of carbon consumption, export, and accumulation in marine communities."" Limnology and Oceanography 47(1): 11-22.",Blumm 1993,37.6_-76.15,train
SaltMarsh,"Oregon Inlet, N. C.",NC,35.9,-75.6,Chmura et al.,2003,"Chmura, G. L., S. C. Anisfeld, et al. (2003). ""Global carbon sequestration in tidal, saline wetland soils."" Global Biogeochemical Cycles 17(4): 1-12.",Craft et al 1993,35.9_-75.6,train
SaltMarsh,"Jacob's Creek, N. C.",NC,35.3,-76.8,Chmura et al.,2003,"Chmura, G. L., S. C. Anisfeld, et al. (2003). ""Global carbon sequestration in tidal, saline wetland soils."" Global Biogeochemical Cycles 17(4): 1-12.",Craft et al 1993,35.3_-76.8,train
SaltMarsh,Cape Cod MA,New England,41.91,-70.02,Cebrian et al,2002,"Cebrian, J. (2002). ""Variability and control of carbon consumption, export, and accumulation in marine communities."" Limnology and Oceanography 47(1): 11-22.",Howes et al. 1985,41.91_-70.02,train
Seagrass,"3 Alicante, Spain",Spain,38.14,-0.37,Kennedy et al.,2010,"Kennedy, H., J. Beggins, et al. (2010). ""Seagrass sediments as a global carbon sink: Isotopic constraints."" Global Biogeochemical Cycles 24(GB4026): 8pp","Holmer M, Marbà N, Diaz-Almela E, Duarte CM, Tsapakis M, Danovaro R (2007). Sedimentation of organic matter from fish farms in oligotrophic Mediterranean assessed through bulk and stable isotope (δ13C and δ15N) analyses. Aquaculture 262:268-280
",38.14_-0.37,train
Seagrass,"3 Athens, Greece",Greece,37.64,24.03,Kennedy et al.,2010,"Kennedy, H., J. Beggins, et al. (2010). ""Seagrass sediments as a global carbon sink: Isotopic constraints."" Global Biogeochemical Cycles 24(GB4026): 8pp",Perez unpublished + Holmer et al. 2007,37.64_24.03,train
Seagrass,"3 Sicily, Italy",Italy,36.42,15.14,Kennedy et al.,2010,"Kennedy, H., J. Beggins, et al. (2010). ""Seagrass sediments as a global carbon sink: Isotopic constraints."" Global Biogeochemical Cycles 24(GB4026): 8pp",Perez unpublished + Holmer et al. 2007,36.42_15.14,train
Seagrass,"4 Alicante, Spain",Spain,38.42,-0.37,Kennedy et al.,2010,"Kennedy, H., J. Beggins, et al. (2010). ""Seagrass sediments as a global carbon sink: Isotopic constraints."" Global Biogeochemical Cycles 24(GB4026): 8pp","Holmer M, Marbà N, Diaz-Almela E, Duarte CM, Tsapakis M, Danovaro R (2007). Sedimentation of organic matter from fish farms in oligotrophic Mediterranean assessed through bulk and stable isotope (δ13C and δ15N) analyses. Aquaculture 262:268-280
",38.42_-0.37,train
Seagrass,"5 Sicily, Italy",Italy,36.69,15.14,Kennedy et al.,2010,"Kennedy, H., J. Beggins, et al. (2010). ""Seagrass sediments as a global carbon sink: Isotopic constraints."" Global Biogeochemical Cycles 24(GB4026): 8pp",Perez unpublished + Holmer et al. 2007,36.69_15.14,train
Seagrass,Bai Tien,Vietnam,12.3,109.23,Kennedy et al.,2010,"Kennedy, H., J. Beggins, et al. (2010). ""Seagrass sediments as a global carbon sink: Isotopic constraints."" Global Biogeochemical Cycles 24(GB4026): 8pp","Kennedy, H., Gacia, E., Kennedy, D.P., Papadimitriou, S., & Duarte, C.M. 2004 Organic carbon sources to SE Asian coastal sediments. Estuarine Coastal Shelf Science, 60(1) 59-68.",12.3_109.23,train
Seagrass,"Bassin de Arcachor, France",France,44.68,-1.13,Duarte et al.,2010,"Duarte, C. M., N. Marba, et al. (2010). ""Seagrass community metabolism: Assessing the carbon sink capacity of seagrass meadows."" Global Biogeochemical Cycles 24(GB4032): 8pp",Welsh et al. 2000,44.68_-1.13,train
Seagrass,Bay Duck Key,Florida,24.91,-80.94,Kennedy et al.,2010,"Kennedy, H., J. Beggins, et al. (2010). ""Seagrass sediments as a global carbon sink: Isotopic constraints."" Global Biogeochemical Cycles 24(GB4026): 8pp","Armitage and Fourqurean 2009 Estuaries and Coasts, Fourqurean et al unpublished",24.91_-80.94,train
Seagrass,Bay of Cadiz,Spain,36.47,-6.25,Kennedy et al.,2010,"Kennedy, H., J. Beggins, et al. (2010). ""Seagrass sediments as a global carbon sink: Isotopic constraints."" Global Biogeochemical Cycles 24(GB4026): 8pp",van Engeland (thesis),36.47_-6.25,train
Seagrass,Buena Vista,California,10.07,118.81,Kennedy et al.,2010,"Kennedy, H., J. Beggins, et al. (2010). ""Seagrass sediments as a global carbon sink: Isotopic constraints."" Global Biogeochemical Cycles 24(GB4026): 8pp","Kennedy, H., Gacia, E., Kennedy, D.P., Papadimitriou, S., & Duarte, C.M. 2004 Organic carbon sources to SE Asian coastal sediments. Estuarine Coastal Shelf Science, 60(1) 59-68.",10.07_118.81,train
Seagrass,"Cabrera, Spain",Spain,39.14,2.92,Duarte et al. and Kennedy et al.,2010,"Duarte, C. M., N. Marba, et al. (2010). ""Seagrass community metabolism: Assessing the carbon sink capacity of seagrass meadows."" Global Biogeochemical Cycles 24(GB4032): 8pp","Holmer M, Duarte CM, Boschker E, Barrón C (2004) Carbon cycling and bacterial carbon sources in pristine and impacted Mediterranean seagrass sediments. Aquatic Microbial Ecology 36:227-237
",39.14_2.92,train
Seagrass,"Cala d'Or,  Spain",Spain,39.37,3.23,Kennedy et al.,2010,"Kennedy, H., J. Beggins, et al. (2010). ""Seagrass sediments as a global carbon sink: Isotopic constraints."" Global Biogeochemical Cycles 24(GB4026): 8pp",Holmer et al unpublished,39.37_3.23,train
Seagrass,Can Rhan Lagoon,SE Asia,12.03,109.2,Kennedy et al.,2010,"Kennedy, H., J. Beggins, et al. (2010). ""Seagrass sediments as a global carbon sink: Isotopic constraints."" Global Biogeochemical Cycles 24(GB4026): 8pp","Kennedy, H., Gacia, E., Kennedy, D.P., Papadimitriou, S., & Duarte, C.M. 2004 Organic carbon sources to SE Asian coastal sediments. Estuarine Coastal Shelf Science, 60(1) 59-68.",12.03_109.2,train
Seagrass,"Cap enderrocat, Mallorca, Spain",Spain,39.91,2.8,Duarte et al.,2010,"Duarte, C. M., N. Marba, et al. (2010). ""Seagrass community metabolism: Assessing the carbon sink capacity of seagrass meadows."" Global Biogeochemical Cycles 24(GB4032): 8pp",Gazeau et al. 2005,39.91_2.8,train
Seagrass,"Cheasapeake Bay, Virginia, USA",Cheasapeake Bay,37.7,-76.14,Duarte et al.,2010,"Duarte, C. M., N. Marba, et al. (2010). ""Seagrass community metabolism: Assessing the carbon sink capacity of seagrass meadows."" Global Biogeochemical Cycles 24(GB4032): 8pp",Murray and Wetzel 1987,37.7_-76.14,valid
Seagrass,Coastal Lagoons in NW Florida,Florida,29.67,-84.96,Duarte et al.,2010,"Duarte, C. M., N. Marba, et al. (2010). ""Seagrass community metabolism: Assessing the carbon sink capacity of seagrass meadows."" Global Biogeochemical Cycles 24(GB4032): 8pp",Stutes et al. 2007,29.67_-84.96,train
Seagrass,"Cross Bank, Florida Bay, USA",Florida,24.96,-80.67,Duarte et al.,2010,"Duarte, C. M., N. Marba, et al. (2010). ""Seagrass community metabolism: Assessing the carbon sink capacity of seagrass meadows."" Global Biogeochemical Cycles 24(GB4032): 8pp",Herbert and Fourqurean 2008,24.96_-80.67,train
Seagrass,"Cross Bank, Florida Bay, USA",Florida,30.14,-85.7,Duarte et al.,2010,"Duarte, C. M., N. Marba, et al. (2010). ""Seagrass community metabolism: Assessing the carbon sink capacity of seagrass meadows."" Global Biogeochemical Cycles 24(GB4032): 8pp",Herbert and Fourqurean 2008,30.14_-85.7,train
Seagrass,Dam Gia,Vietnam,12.22,109.26,Kennedy et al.,2010,"Kennedy, H., J. Beggins, et al. (2010). ""Seagrass sediments as a global carbon sink: Isotopic constraints."" Global Biogeochemical Cycles 24(GB4026): 8pp","Kennedy, H., Gacia, E., Kennedy, D.P., Papadimitriou, S., & Duarte, C.M. 2004 Organic carbon sources to SE Asian coastal sediments. Estuarine Coastal Shelf Science, 60(1) 59-68.",12.22_109.26,train
Seagrass,Denmark,Denmark,56.77,8.88,Duarte et al.,2010,"Duarte, C. M., N. Marba, et al. (2010). ""Seagrass community metabolism: Assessing the carbon sink capacity of seagrass meadows."" Global Biogeochemical Cycles 24(GB4032): 8pp",Wium-Andersen and Borum 1984,56.77_8.88,train
Seagrass,"Ebro Delta, Spain",Spain,40.6,0.77,Duarte et al. and Kennedy et al.,2010,"Duarte, C. M., N. Marba, et al. (2010). ""Seagrass community metabolism: Assessing the carbon sink capacity of seagrass meadows."" Global Biogeochemical Cycles 24(GB4032): 8pp","Barrón C., N. Marbà, J. Terrados, H. Kennedy, C. M. Duarte. 2004. Community metabolism and carbon budget along  a gradient of seagrass (Cymodocea nodosa) colonization.  Limnology and Oceanography. 49: 1642-1651",40.6_0.77,train
Seagrass,"Flores Sea, Indonesia",Indonesia,-7.1,120.98,Duarte et al.,2010,"Duarte, C. M., N. Marba, et al. (2010). ""Seagrass community metabolism: Assessing the carbon sink capacity of seagrass meadows."" Global Biogeochemical Cycles 24(GB4032): 8pp",Lindeboom and Sandee 1989,-7.1_120.98,test
Seagrass,Florida Bay Bob Allen Keys,Florida,25.03,-80.68,Kennedy et al.,2010,"Kennedy, H., J. Beggins, et al. (2010). ""Seagrass sediments as a global carbon sink: Isotopic constraints."" Global Biogeochemical Cycles 24(GB4026): 8pp","Armitage and Fourqurean 2009 Estuaries and Coasts, Fourqurean et al unpublished",25.03_-80.68,train
Seagrass,Florida Keys site 214,Florida,25.25,-80.3,Kennedy et al.,2010,"Kennedy, H., J. Beggins, et al. (2010). ""Seagrass sediments as a global carbon sink: Isotopic constraints."" Global Biogeochemical Cycles 24(GB4026): 8pp","Fourqurean et al in press MPB, Fourqurean et al 2001 Marine Biology, Fourqurean et al 2005 Estuariesunpublished",25.25_-80.3,train
Seagrass,Florida Keys site 215,Florida,25.22,-80.21,Kennedy et al.,2010,"Kennedy, H., J. Beggins, et al. (2010). ""Seagrass sediments as a global carbon sink: Isotopic constraints."" Global Biogeochemical Cycles 24(GB4026): 8pp","Fourqurean et al in press MPB, Fourqurean et al 2001 Marine Biology, Fourqurean et al 2005 Estuariesunpublished",25.22_-80.21,train
Seagrass,Florida Keys site 216,Florida,25.18,-80.26,Kennedy et al.,2010,"Kennedy, H., J. Beggins, et al. (2010). ""Seagrass sediments as a global carbon sink: Isotopic constraints."" Global Biogeochemical Cycles 24(GB4026): 8pp","Fourqurean et al in press MPB, Fourqurean et al 2001 Marine Biology, Fourqurean et al 2005 Estuariesunpublished",25.18_-80.26,train
Seagrass,Florida Keys site 220,Florida,25.11,-80.37,Kennedy et al.,2010,"Kennedy, H., J. Beggins, et al. (2010). ""Seagrass sediments as a global carbon sink: Isotopic constraints."" Global Biogeochemical Cycles 24(GB4026): 8pp","Fourqurean et al in press MPB, Fourqurean et al 2001 Marine Biology, Fourqurean et al 2005 Estuariesunpublished",25.11_-80.37,train
Seagrass,Florida Keys site 223,Florida,25.06,-80.42,Kennedy et al.,2010,"Kennedy, H., J. Beggins, et al. (2010). ""Seagrass sediments as a global carbon sink: Isotopic constraints."" Global Biogeochemical Cycles 24(GB4026): 8pp","Fourqurean et al in press MPB, Fourqurean et al 2001 Marine Biology, Fourqurean et al 2005 Estuariesunpublished",25.06_-80.42,train
Seagrass,Florida Keys site 225,Florida,25.01,-80.38,Kennedy et al.,2010,"Kennedy, H., J. Beggins, et al. (2010). ""Seagrass sediments as a global carbon sink: Isotopic constraints."" Global Biogeochemical Cycles 24(GB4026): 8pp","Fourqurean et al in press MPB, Fourqurean et al 2001 Marine Biology, Fourqurean et al 2005 Estuariesunpublished",25.01_-80.38,train
Seagrass,Florida Keys site 227,Florida,25,-80.47,Kennedy et al.,2010,"Kennedy, H., J. Beggins, et al. (2010). ""Seagrass sediments as a global carbon sink: Isotopic constraints."" Global Biogeochemical Cycles 24(GB4026): 8pp","Fourqurean et al in press MPB, Fourqurean et al 2001 Marine Biology, Fourqurean et al 2005 Estuariesunpublished",25.0_-80.47,train
Seagrass,Florida Keys site 235,Florida,24.87,-80.67,Kennedy et al.,2010,"Kennedy, H., J. Beggins, et al. (2010). ""Seagrass sediments as a global carbon sink: Isotopic constraints."" Global Biogeochemical Cycles 24(GB4026): 8pp","Fourqurean et al in press MPB, Fourqurean et al 2001 Marine Biology, Fourqurean et al 2005 Estuariesunpublished",24.87_-80.67,train
Seagrass,Florida Keys site 237,Florida,24.86,-80.66,Kennedy et al.,2010,"Kennedy, H., J. Beggins, et al. (2010). ""Seagrass sediments as a global carbon sink: Isotopic constraints."" Global Biogeochemical Cycles 24(GB4026): 8pp","Fourqurean et al in press MPB, Fourqurean et al 2001 Marine Biology, Fourqurean et al 2005 Estuariesunpublished",24.86_-80.66,train
Seagrass,Florida Keys site 239,Florida,24.8,-80.72,Kennedy et al.,2010,"Kennedy, H., J. Beggins, et al. (2010). ""Seagrass sediments as a global carbon sink: Isotopic constraints."" Global Biogeochemical Cycles 24(GB4026): 8pp","Fourqurean et al in press MPB, Fourqurean et al 2001 Marine Biology, Fourqurean et al 2005 Estuariesunpublished",24.8_-80.72,train
Seagrass,Florida Keys site 241,Florida,24.8,-80.81,Kennedy et al.,2010,"Kennedy, H., J. Beggins, et al. (2010). ""Seagrass sediments as a global carbon sink: Isotopic constraints."" Global Biogeochemical Cycles 24(GB4026): 8pp","Fourqurean et al in press MPB, Fourqurean et al 2001 Marine Biology, Fourqurean et al 2005 Estuariesunpublished",24.8_-80.81,train
Seagrass,Florida Keys site 243,Florida,24.74,-80.8,Kennedy et al.,2010,"Kennedy, H., J. Beggins, et al. (2010). ""Seagrass sediments as a global carbon sink: Isotopic constraints."" Global Biogeochemical Cycles 24(GB4026): 8pp","Fourqurean et al in press MPB, Fourqurean et al 2001 Marine Biology, Fourqurean et al 2005 Estuariesunpublished",24.74_-80.8,train
Seagrass,Florida Keys site 248,Florida,24.69,-80.98,Kennedy et al.,2010,"Kennedy, H., J. Beggins, et al. (2010). ""Seagrass sediments as a global carbon sink: Isotopic constraints."" Global Biogeochemical Cycles 24(GB4026): 8pp","Fourqurean et al in press MPB, Fourqurean et al 2001 Marine Biology, Fourqurean et al 2005 Estuariesunpublished",24.69_-80.98,train
Seagrass,Florida Keys site 255,Florida,24.62,-81.25,Kennedy et al.,2010,"Kennedy, H., J. Beggins, et al. (2010). ""Seagrass sediments as a global carbon sink: Isotopic constraints."" Global Biogeochemical Cycles 24(GB4026): 8pp","Fourqurean et al in press MPB, Fourqurean et al 2001 Marine Biology, Fourqurean et al 2005 Estuariesunpublished",24.62_-81.25,train
Seagrass,Florida Keys site 260,Florida,24.63,-81.42,Kennedy et al.,2010,"Kennedy, H., J. Beggins, et al. (2010). ""Seagrass sediments as a global carbon sink: Isotopic constraints."" Global Biogeochemical Cycles 24(GB4026): 8pp","Fourqurean et al in press MPB, Fourqurean et al 2001 Marine Biology, Fourqurean et al 2005 Estuariesunpublished",24.63_-81.42,train
Seagrass,Florida Keys site 267,Florida,24.54,-81.49,Kennedy et al.,2010,"Kennedy, H., J. Beggins, et al. (2010). ""Seagrass sediments as a global carbon sink: Isotopic constraints."" Global Biogeochemical Cycles 24(GB4026): 8pp","Fourqurean et al in press MPB, Fourqurean et al 2001 Marine Biology, Fourqurean et al 2005 Estuariesunpublished",24.54_-81.49,train
Seagrass,Florida Keys site 269,Florida,24.56,-81.56,Kennedy et al.,2010,"Kennedy, H., J. Beggins, et al. (2010). ""Seagrass sediments as a global carbon sink: Isotopic constraints."" Global Biogeochemical Cycles 24(GB4026): 8pp","Fourqurean et al in press MPB, Fourqurean et al 2001 Marine Biology, Fourqurean et al 2005 Estuariesunpublished",24.56_-81.56,train
Seagrass,Florida Keys site 271,Florida,24.54,-81.75,Kennedy et al.,2010,"Kennedy, H., J. Beggins, et al. (2010). ""Seagrass sediments as a global carbon sink: Isotopic constraints."" Global Biogeochemical Cycles 24(GB4026): 8pp","Fourqurean et al in press MPB, Fourqurean et al 2001 Marine Biology, Fourqurean et al 2005 Estuariesunpublished",24.54_-81.75,train
Seagrass,Florida Keys site 273,Florida,24.48,-81.71,Kennedy et al.,2010,"Kennedy, H., J. Beggins, et al. (2010). ""Seagrass sediments as a global carbon sink: Isotopic constraints."" Global Biogeochemical Cycles 24(GB4026): 8pp","Fourqurean et al in press MPB, Fourqurean et al 2001 Marine Biology, Fourqurean et al 2005 Estuariesunpublished",24.48_-81.71,train
Seagrass,Florida Keys site 276,Florida,24.52,-81.63,Kennedy et al.,2010,"Kennedy, H., J. Beggins, et al. (2010). ""Seagrass sediments as a global carbon sink: Isotopic constraints."" Global Biogeochemical Cycles 24(GB4026): 8pp","Fourqurean et al in press MPB, Fourqurean et al 2001 Marine Biology, Fourqurean et al 2005 Estuariesunpublished",24.52_-81.63,train
Seagrass,Florida Keys site 284,Florida,24.88,-80.96,Kennedy et al.,2010,"Kennedy, H., J. Beggins, et al. (2010). ""Seagrass sediments as a global carbon sink: Isotopic constraints."" Global Biogeochemical Cycles 24(GB4026): 8pp","Fourqurean et al in press MPB, Fourqurean et al 2001 Marine Biology, Fourqurean et al 2005 Estuariesunpublished",24.88_-80.96,train
Seagrass,Florida Keys site 285,Florida,24.81,-80.92,Kennedy et al.,2010,"Kennedy, H., J. Beggins, et al. (2010). ""Seagrass sediments as a global carbon sink: Isotopic constraints."" Global Biogeochemical Cycles 24(GB4026): 8pp","Fourqurean et al in press MPB, Fourqurean et al 2001 Marine Biology, Fourqurean et al 2005 Estuariesunpublished",24.81_-80.92,train
Seagrass,Florida Keys site 287,Florida,24.85,-81.01,Kennedy et al.,2010,"Kennedy, H., J. Beggins, et al. (2010). ""Seagrass sediments as a global carbon sink: Isotopic constraints."" Global Biogeochemical Cycles 24(GB4026): 8pp","Fourqurean et al in press MPB, Fourqurean et al 2001 Marine Biology, Fourqurean et al 2005 Estuariesunpublished",24.85_-81.01,train
Seagrass,Florida Keys site 291,Florida,24.82,-81.15,Kennedy et al.,2010,"Kennedy, H., J. Beggins, et al. (2010). ""Seagrass sediments as a global carbon sink: Isotopic constraints."" Global Biogeochemical Cycles 24(GB4026): 8pp","Fourqurean et al in press MPB, Fourqurean et al 2001 Marine Biology, Fourqurean et al 2005 Estuariesunpublished",24.82_-81.15,train
Seagrass,Florida Keys site 294,Florida,24.75,-81.17,Kennedy et al.,2010,"Kennedy, H., J. Beggins, et al. (2010). ""Seagrass sediments as a global carbon sink: Isotopic constraints."" Global Biogeochemical Cycles 24(GB4026): 8pp","Fourqurean et al in press MPB, Fourqurean et al 2001 Marine Biology, Fourqurean et al 2005 Estuariesunpublished",24.75_-81.17,train
Seagrass,Florida Keys site 296,Florida,24.79,-81.29,Kennedy et al.,2010,"Kennedy, H., J. Beggins, et al. (2010). ""Seagrass sediments as a global carbon sink: Isotopic constraints."" Global Biogeochemical Cycles 24(GB4026): 8pp","Fourqurean et al in press MPB, Fourqurean et al 2001 Marine Biology, Fourqurean et al 2005 Estuariesunpublished",24.79_-81.29,train
Seagrass,Florida Keys site 305,Florida,24.77,-81.55,Kennedy et al.,2010,"Kennedy, H., J. Beggins, et al. (2010). ""Seagrass sediments as a global carbon sink: Isotopic constraints."" Global Biogeochemical Cycles 24(GB4026): 8pp","Fourqurean et al in press MPB, Fourqurean et al 2001 Marine Biology, Fourqurean et al 2005 Estuariesunpublished",24.77_-81.55,train
Seagrass,Florida Keys site 307,Florida,24.73,-81.52,Kennedy et al.,2010,"Kennedy, H., J. Beggins, et al. (2010). ""Seagrass sediments as a global carbon sink: Isotopic constraints."" Global Biogeochemical Cycles 24(GB4026): 8pp","Fourqurean et al in press MPB, Fourqurean et al 2001 Marine Biology, Fourqurean et al 2005 Estuariesunpublished",24.73_-81.52,train
Seagrass,Florida Keys site 309,Florida,24.7,-81.68,Kennedy et al.,2010,"Kennedy, H., J. Beggins, et al. (2010). ""Seagrass sediments as a global carbon sink: Isotopic constraints."" Global Biogeochemical Cycles 24(GB4026): 8pp","Fourqurean et al in press MPB, Fourqurean et al 2001 Marine Biology, Fourqurean et al 2005 Estuariesunpublished",24.7_-81.68,train
Seagrass,Florida Keys site 314,Florida,24.77,-81.44,Kennedy et al.,2010,"Kennedy, H., J. Beggins, et al. (2010). ""Seagrass sediments as a global carbon sink: Isotopic constraints."" Global Biogeochemical Cycles 24(GB4026): 8pp","Fourqurean et al in press MPB, Fourqurean et al 2001 Marine Biology, Fourqurean et al 2005 Estuariesunpublished",24.77_-81.44,train
Seagrass,"Gulf coast of Florida, USA",Florida,27.27,-82.73,Duarte et al.,2010,"Duarte, C. M., N. Marba, et al. (2010). ""Seagrass community metabolism: Assessing the carbon sink capacity of seagrass meadows."" Global Biogeochemical Cycles 24(GB4032): 8pp",unpublished,27.27_-82.73,train
Seagrass,"Gulf coast of Florida, USA",Florida,27.31,-82.8,Duarte et al.,2010,"Duarte, C. M., N. Marba, et al. (2010). ""Seagrass community metabolism: Assessing the carbon sink capacity of seagrass meadows."" Global Biogeochemical Cycles 24(GB4032): 8pp",Calleja et al. 2006,27.31_-82.8,train
Seagrass,"Gulf of Carpentaria, Australia",Australia,-17.52,139.99,Duarte et al.,2010,"Duarte, C. M., N. Marba, et al. (2010). ""Seagrass community metabolism: Assessing the carbon sink capacity of seagrass meadows."" Global Biogeochemical Cycles 24(GB4032): 8pp",Moriarty et al. 1990,-17.52_139.99,train
Seagrass,"Gulf of Carpentaria, Australia",Australia,-17.4,139.89,Duarte et al.,2010,"Duarte, C. M., N. Marba, et al. (2010). ""Seagrass community metabolism: Assessing the carbon sink capacity of seagrass meadows."" Global Biogeochemical Cycles 24(GB4032): 8pp",Moriarty et al. 1990,-17.4_139.89,train
Seagrass,"Gulf of Mexico, USA",Lousiana,30.28,-88.53,Duarte et al.,2010,"Duarte, C. M., N. Marba, et al. (2010). ""Seagrass community metabolism: Assessing the carbon sink capacity of seagrass meadows."" Global Biogeochemical Cycles 24(GB4032): 8pp",Morgan and Kitting 1984,30.28_-88.53,train
Seagrass,"Hopavagen lagoon, Norway",Norway,63.59,9.54,Duarte et al.,2010,"Duarte, C. M., N. Marba, et al. (2010). ""Seagrass community metabolism: Assessing the carbon sink capacity of seagrass meadows."" Global Biogeochemical Cycles 24(GB4032): 8pp",Duarte et al. 2002,63.59_9.54,train
Seagrass,"Indian River, Jim Island, USA",Florida,27.48,-80.31,Duarte et al.,2010,"Duarte, C. M., N. Marba, et al. (2010). ""Seagrass community metabolism: Assessing the carbon sink capacity of seagrass meadows."" Global Biogeochemical Cycles 24(GB4032): 8pp",Heffernan and Gibson 1983,27.48_-80.31,train
Seagrass,"Indian River, Link Port, USA",Florida,27.87,-80.33,Duarte et al.,2010,"Duarte, C. M., N. Marba, et al. (2010). ""Seagrass community metabolism: Assessing the carbon sink capacity of seagrass meadows."" Global Biogeochemical Cycles 24(GB4032): 8pp",Heffernan and Gibson 1983,27.87_-80.33,train
Seagrass,Mi Giang 1,Vietnam,12.48,109.29,Kennedy et al.,2010,"Kennedy, H., J. Beggins, et al. (2010). ""Seagrass sediments as a global carbon sink: Isotopic constraints."" Global Biogeochemical Cycles 24(GB4026): 8pp","Kennedy, H., Gacia, E., Kennedy, D.P., Papadimitriou, S., & Duarte, C.M. 2004 Organic carbon sources to SE Asian coastal sediments. Estuarine Coastal Shelf Science, 60(1) 59-68.",12.48_109.29,train
Seagrass,Mi Giang II,Vietnam,12.49,109.3,Kennedy et al.,2010,"Kennedy, H., J. Beggins, et al. (2010). ""Seagrass sediments as a global carbon sink: Isotopic constraints."" Global Biogeochemical Cycles 24(GB4026): 8pp","Kennedy, H., Gacia, E., Kennedy, D.P., Papadimitriou, S., & Duarte, C.M. 2004 Organic carbon sources to SE Asian coastal sediments. Estuarine Coastal Shelf Science, 60(1) 59-68.",12.49_109.3,train
Seagrass,"Ninigret Pond, Rhode Island, USA",New England,41.35,-71.68,Duarte et al.,2010,"Duarte, C. M., N. Marba, et al. (2010). ""Seagrass community metabolism: Assessing the carbon sink capacity of seagrass meadows."" Global Biogeochemical Cycles 24(GB4032): 8pp",Nixon and Oviatt 1972,41.35_-71.68,valid
Seagrass,"North Carolina, USA",NC,35.28,-75.97,Duarte et al.,2010,"Duarte, C. M., N. Marba, et al. (2010). ""Seagrass community metabolism: Assessing the carbon sink capacity of seagrass meadows."" Global Biogeochemical Cycles 24(GB4032): 8pp",Penhale 1977,35.28_-75.97,valid
Seagrass,Philippines,Philippines,11.87,122.76,Duarte et al.,2010,"Duarte, C. M., N. Marba, et al. (2010). ""Seagrass community metabolism: Assessing the carbon sink capacity of seagrass meadows."" Global Biogeochemical Cycles 24(GB4032): 8pp",unpublished,11.87_122.76,train
Seagrass,Philippines,Philippines,16.44,119.91,Duarte et al.,2010,"Duarte, C. M., N. Marba, et al. (2010). ""Seagrass community metabolism: Assessing the carbon sink capacity of seagrass meadows."" Global Biogeochemical Cycles 24(GB4032): 8pp",unpublished,16.44_119.91,train
Seagrass,"Phuket, Thailand",Thailand,8.04,98.42,Kennedy et al.,2010,"Kennedy, H., J. Beggins, et al. (2010). ""Seagrass sediments as a global carbon sink: Isotopic constraints."" Global Biogeochemical Cycles 24(GB4026): 8pp","Holmer M, Andersen FØ, Nielsen SL, Boschker HTS (2001). The importance of sulfate reduction based mineralization for nutrient regeneration in tropical seagrass sediments. Aquat. Bot. 71:1-17
",8.04_98.42,train
Seagrass,Pislatan,Philipines,16.37,119.96,Kennedy et al.,2010,"Kennedy, H., J. Beggins, et al. (2010). ""Seagrass sediments as a global carbon sink: Isotopic constraints."" Global Biogeochemical Cycles 24(GB4026): 8pp","Kennedy, H., Gacia, E., Kennedy, D.P., Papadimitriou, S., & Duarte, C.M. 2004 Organic carbon sources to SE Asian coastal sediments. Estuarine Coastal Shelf Science, 60(1) 59-68.",16.37_119.96,train
Seagrass,"Portals Vells,  Spain",Spain,39.54,2.73,Kennedy et al.,2010,"Kennedy, H., J. Beggins, et al. (2010). ""Seagrass sediments as a global carbon sink: Isotopic constraints."" Global Biogeochemical Cycles 24(GB4026): 8pp",Holmer et al unpublished,39.54_2.73,train
Seagrass,"Porto Colom, Mallorca, Spain",Spain,39.42,3.27,Duarte et al. and Kennedy et al.,2010,"Duarte, C. M., N. Marba, et al. (2010). ""Seagrass community metabolism: Assessing the carbon sink capacity of seagrass meadows."" Global Biogeochemical Cycles 24(GB4032): 8pp","Holmer M, Duarte CM, Boschker E, Barrón C (2004) Carbon cycling and bacterial carbon sources in pristine and impacted Mediterranean seagrass sediments. Aquatic Microbial Ecology 36:227-237
",39.42_3.27,train
Seagrass,"Ria Formosa, Portugal",Portugal,36.99,-7.91,Duarte et al.,2010,"Duarte, C. M., N. Marba, et al. (2010). ""Seagrass community metabolism: Assessing the carbon sink capacity of seagrass meadows."" Global Biogeochemical Cycles 24(GB4032): 8pp",Asmus et al. 2000,36.99_-7.91,train
Seagrass,"Rottnest, Australia",Australia,-32.01,115.49,Kennedy et al.,2010,"Kennedy, H., J. Beggins, et al. (2010). ""Seagrass sediments as a global carbon sink: Isotopic constraints."" Global Biogeochemical Cycles 24(GB4026): 8pp",Perez unpublished + Holmer et al. 2008,-32.01_115.49,train
Seagrass,"Sa Paret, Cabrera, Spain",Spain,39.5,2.54,Duarte et al. and Kennedy et al.,2010,"Duarte, C. M., N. Marba, et al. (2010). ""Seagrass community metabolism: Assessing the carbon sink capacity of seagrass meadows."" Global Biogeochemical Cycles 24(GB4032): 8pp","Holmer M, Duarte CM, Boschker E, Barrón C (2004) Carbon cycling and bacterial carbon sources in pristine and impacted Mediterranean seagrass sediments. Aquatic Microbial Ecology 36:227-237
",39.5_2.54,train
Seagrass,"Sandy Bay, Alabama, USA",Alabama,30.38,-88.32,Duarte et al.,2010,"Duarte, C. M., N. Marba, et al. (2010). ""Seagrass community metabolism: Assessing the carbon sink capacity of seagrass meadows."" Global Biogeochemical Cycles 24(GB4032): 8pp",Anton et al. 2009,30.38_-88.32,train
Seagrass,"Santa María, Cabrera, Spain",Spain,39.15,2.54,Duarte et al. and Kennedy et al.,2010,"Duarte, C. M., N. Marba, et al. (2010). ""Seagrass community metabolism: Assessing the carbon sink capacity of seagrass meadows."" Global Biogeochemical Cycles 24(GB4032): 8pp","Holmer M, Duarte CM, Boschker E, Barrón C (2004) Carbon cycling and bacterial carbon sources in pristine and impacted Mediterranean seagrass sediments. Aquatic Microbial Ecology 36:227-237
",39.15_2.54,train
Seagrass,"Silaqui, Philipines",Philipines,16.44,119.92,Kennedy et al.,2010,"Kennedy, H., J. Beggins, et al. (2010). ""Seagrass sediments as a global carbon sink: Isotopic constraints."" Global Biogeochemical Cycles 24(GB4026): 8pp","Kennedy, H., Gacia, E., Kennedy, D.P., Papadimitriou, S., & Duarte, C.M. 2004 Organic carbon sources to SE Asian coastal sediments. Estuarine Coastal Shelf Science, 60(1) 59-68.",16.44_119.92,train
Seagrass,"Sounion, Greece",Greece,37.65,24.03,Duarte et al.,2010,"Duarte, C. M., N. Marba, et al. (2010). ""Seagrass community metabolism: Assessing the carbon sink capacity of seagrass meadows."" Global Biogeochemical Cycles 24(GB4032): 8pp",Apostolaki et al (2010),37.65_24.03,train
Seagrass,"Spermonde Archipelago, Indonesia",Indonesia,-4.88,119.21,Duarte et al.,2010,"Duarte, C. M., N. Marba, et al. (2010). ""Seagrass community metabolism: Assessing the carbon sink capacity of seagrass meadows."" Global Biogeochemical Cycles 24(GB4032): 8pp",Erftemeijer et al. 1993,-4.88_119.21,test
Seagrass,"Spermonde Archipelago, Indonesia",Indonesia,-4.87,119.14,Duarte et al.,2010,"Duarte, C. M., N. Marba, et al. (2010). ""Seagrass community metabolism: Assessing the carbon sink capacity of seagrass meadows."" Global Biogeochemical Cycles 24(GB4032): 8pp",Erftemeijer et al. 1993,-4.87_119.14,test
Seagrass,Sprigger Bank,Florida,25.18,-80.49,Kennedy et al.,2010,"Kennedy, H., J. Beggins, et al. (2010). ""Seagrass sediments as a global carbon sink: Isotopic constraints."" Global Biogeochemical Cycles 24(GB4026): 8pp","Armitage and Fourqurean 2009 Estuaries and Coasts, Fourqurean et al unpublished",25.18_-80.49,train
Seagrass,"Squiffec, Bay of Brest, France",France,48.35,-4.48,Duarte et al.,2010,"Duarte, C. M., N. Marba, et al. (2010). ""Seagrass community metabolism: Assessing the carbon sink capacity of seagrass meadows."" Global Biogeochemical Cycles 24(GB4032): 8pp",Martin et al 2005,48.35_-4.48,train
Seagrass,St Bartbara,SE Asia,16.35,119.93,Kennedy et al.,2010,"Kennedy, H., J. Beggins, et al. (2010). ""Seagrass sediments as a global carbon sink: Isotopic constraints."" Global Biogeochemical Cycles 24(GB4026): 8pp","Kennedy, H., Gacia, E., Kennedy, D.P., Papadimitriou, S., & Duarte, C.M. 2004 Organic carbon sources to SE Asian coastal sediments. Estuarine Coastal Shelf Science, 60(1) 59-68.",16.35_119.93,train
Seagrass,"Sylt-Rømø Bay, Wadden Sea, Germany",Germany,54.24,7.82,Duarte et al.,2010,"Duarte, C. M., N. Marba, et al. (2010). ""Seagrass community metabolism: Assessing the carbon sink capacity of seagrass meadows."" Global Biogeochemical Cycles 24(GB4032): 8pp",Asmus et al 2000,54.24_7.82,train
Seagrass,"Thau laggon, France",France,43.41,3.64,Duarte et al.,2010,"Duarte, C. M., N. Marba, et al. (2010). ""Seagrass community metabolism: Assessing the carbon sink capacity of seagrass meadows."" Global Biogeochemical Cycles 24(GB4032): 8pp",Plus et al. 2001,43.41_3.64,train
Seagrass,Umumlaga (S),Indonesia,10.03,118.78,Kennedy et al.,2010,"Kennedy, H., J. Beggins, et al. (2010). ""Seagrass sediments as a global carbon sink: Isotopic constraints."" Global Biogeochemical Cycles 24(GB4026): 8pp","Kennedy, H., Gacia, E., Kennedy, D.P., Papadimitriou, S., & Duarte, C.M. 2004 Organic carbon sources to SE Asian coastal sediments. Estuarine Coastal Shelf Science, 60(1) 59-68.",10.03_118.78,test
Seagrass,"Woodman Point, Australia",Australia,-32.14,115.74,Kennedy et al.,2010,"Kennedy, H., J. Beggins, et al. (2010). ""Seagrass sediments as a global carbon sink: Isotopic constraints."" Global Biogeochemical Cycles 24(GB4026): 8pp",Perez unpublished + Holmer et al. 2008,-32.14_115.74,train
Seagrass,South Africa,South Africa,-32.38,17.84,Cebrian ,2002,"Cebrian, J. (2002). ""Variability and control of carbon consumption, export, and accumulation in marine communities."" Limnology and Oceanography 47(1): 11-22.",Baird and Ulanowicz 1993,-32.38_17.84,train
Seagrass,Alfacs Bay Spain,Spain,40.6,0.63,Cebrian ,2002,"Cebrian, J. (2002). ""Variability and control of carbon consumption, export, and accumulation in marine communities."" Limnology and Oceanography 47(1): 11-22.",Cebrian et al. 2000,40.6_0.63,train
Seagrass,Beafort NC,NC,14.32,94.55,Cebrian ,2002,"Cebrian, J. (2002). ""Variability and control of carbon consumption, export, and accumulation in marine communities."" Limnology and Oceanography 47(1): 11-22.",Kenworthy and Thayer 1984,14.32_94.55,valid
Seagrass,Beafort NC,NC,-7.05,112.48,Cebrian ,2002,"Cebrian, J. (2002). ""Variability and control of carbon consumption, export, and accumulation in marine communities."" Limnology and Oceanography 47(1): 11-22.",Kenworthy and Thayer 1984,-7.05_112.48,valid
Seagrass,Beafort NC,NC,35.68,76.62,Cebrian ,2002,"Cebrian, J. (2002). ""Variability and control of carbon consumption, export, and accumulation in marine communities."" Limnology and Oceanography 47(1): 11-22.",Kenworthy and Thayer 1984,35.68_76.62,valid
Seagrass,"Lake Grevelingen, Netherlands",Netherlands,51.71,4.02,Cebrian ,2002,"Cebrian, J. (2002). ""Variability and control of carbon consumption, export, and accumulation in marine communities."" Limnology and Oceanography 47(1): 11-22.",Pellikaan and Nienhuis 1988,51.71_4.02,train
Seagrass,"Ebro Delta, Spain",Spain,40.7,0.9,Duarte et al.,2010,"Duarte, C. M., N. Marba, et al. (2010). ""Seagrass community metabolism: Assessing the carbon sink capacity of seagrass meadows."" Global Biogeochemical Cycles 24(GB4032): 8pp",Barrón et al. 2004,40.7_0.9,train
Seagrass,Padilla Bay Washington,W Coast US,48.54,-122.54,Duarte et al.,2010,"Duarte, C. M., N. Marba, et al. (2010). ""Seagrass community metabolism: Assessing the carbon sink capacity of seagrass meadows."" Global Biogeochemical Cycles 24(GB4032): 8pp",Caffrey 2004,48.54_-122.54,train
Seagrass,Great Bay New Hampshire,New England,43.06,-70.85,Duarte et al.,2010,"Duarte, C. M., N. Marba, et al. (2010). ""Seagrass community metabolism: Assessing the carbon sink capacity of seagrass meadows."" Global Biogeochemical Cycles 24(GB4032): 8pp",Caffrey 2004,43.06_-70.85,valid
Seagrass,"Waquoit Bay Metoxit Pt, USA",New England,41.56,-70.52,Duarte et al.,2010,"Duarte, C. M., N. Marba, et al. (2010). ""Seagrass community metabolism: Assessing the carbon sink capacity of seagrass meadows."" Global Biogeochemical Cycles 24(GB4032): 8pp",Caffrey 2004,41.56_-70.52,valid
Seagrass,Lagoons,EC Australia,-29.46,153.98,Duarte et al.,2010,"Duarte, C. M., N. Marba, et al. (2010). ""Seagrass community metabolism: Assessing the carbon sink capacity of seagrass meadows."" Global Biogeochemical Cycles 24(GB4032): 8pp",Eyre and Ferguson 2002,-29.46_153.98,train
Seagrass,"Bay of Calvi, Corsica, France",France,42.57,8.76,Duarte et al.,2010,"Duarte, C. M., N. Marba, et al. (2010). ""Seagrass community metabolism: Assessing the carbon sink capacity of seagrass meadows."" Global Biogeochemical Cycles 24(GB4032): 8pp",Frankignoulle and Bouquegneau 1987,42.57_8.76,train
Seagrass,"Cabrera, Spain",Spain,41.51,2.42,Duarte et al.,2010,"Duarte, C. M., N. Marba, et al. (2010). ""Seagrass community metabolism: Assessing the carbon sink capacity of seagrass meadows."" Global Biogeochemical Cycles 24(GB4032): 8pp",Holmer et al. 2004,41.51_2.42,train
Seagrass,The Bahamas,The Bahamas,24.84,-77.78,Duarte et al.,2010,"Duarte, C. M., N. Marba, et al. (2010). ""Seagrass community metabolism: Assessing the carbon sink capacity of seagrass meadows."" Global Biogeochemical Cycles 24(GB4032): 8pp",Koch and Madden 2001,24.84_-77.78,train
Seagrass,"Long Key, Florida, USA",FL Keys,24.83,-80.82,Duarte et al.,2010,"Duarte, C. M., N. Marba, et al. (2010). ""Seagrass community metabolism: Assessing the carbon sink capacity of seagrass meadows."" Global Biogeochemical Cycles 24(GB4032): 8pp",Odum 1956,24.83_-80.82,train
Seagrass,"Redfish Bay, Texas, USA","Texas, USA",27.87,-97.12,Duarte et al.,2010,"Duarte, C. M., N. Marba, et al. (2010). ""Seagrass community metabolism: Assessing the carbon sink capacity of seagrass meadows."" Global Biogeochemical Cycles 24(GB4032): 8pp",Odum 1963,27.87_-97.12,train
Seagrass,"Lower Laguna Madre, USA","Texas, USA",26.68,-97.4,Duarte et al.,2010,"Duarte, C. M., N. Marba, et al. (2010). ""Seagrass community metabolism: Assessing the carbon sink capacity of seagrass meadows."" Global Biogeochemical Cycles 24(GB4032): 8pp","Odum and Wilson, 1962",26.68_-97.4,train
Seagrass,"Chanel North, Isla Magueyes, Puerto Rico",Puerto Rico,18.56,-66.49,Duarte et al.,2010,"Duarte, C. M., N. Marba, et al. (2010). ""Seagrass community metabolism: Assessing the carbon sink capacity of seagrass meadows."" Global Biogeochemical Cycles 24(GB4032): 8pp",Odum et al. 1959,18.56_-66.49,train
Seagrass,"Kavaratti Atoll, Laccadives, India",India,10.63,72.77,Duarte et al.,2010,"Duarte, C. M., N. Marba, et al. (2010). ""Seagrass community metabolism: Assessing the carbon sink capacity of seagrass meadows."" Global Biogeochemical Cycles 24(GB4032): 8pp",Qasim and Bhattathiri 1971,10.63_72.77,train
Seagrass,"Nichupte Lagoon, Mexico",Mexico,21.16,-86.79,Duarte et al.,2010,"Duarte, C. M., N. Marba, et al. (2010). ""Seagrass community metabolism: Assessing the carbon sink capacity of seagrass meadows."" Global Biogeochemical Cycles 24(GB4032): 8pp",Reyes and Merino 1991,21.16_-86.79,train
Seagrass,"Bojorquez Lagoon, Mexico",Mexico,20.78,-86.59,Duarte et al.,2010,"Duarte, C. M., N. Marba, et al. (2010). ""Seagrass community metabolism: Assessing the carbon sink capacity of seagrass meadows."" Global Biogeochemical Cycles 24(GB4032): 8pp",Reyes and Merino 1991,20.78_-86.59,train
Seagrass,"Ria Formosa, Portugal",Portugal,37.01,-7.83,Duarte et al.,2010,"Duarte, C. M., N. Marba, et al. (2010). ""Seagrass community metabolism: Assessing the carbon sink capacity of seagrass meadows."" Global Biogeochemical Cycles 24(GB4032): 8pp",Santos et al. 2004,37.01_-7.83,train
Seagrass,Culip,Spain,42.29,3.3,Mateo et al,1997,"Mateo, M. A., J. Romero, et al. (1997). ""Dynamics of millenary organic deposits resulting from the growth of the mediterranean seagrass Posidonia oceanica."" Estuarine Coastal and Shelf Science 44: 103-110.",field measurements,42.29_3.3,train
Seagrass,Medes,France ,42.04,3.21,Mateo et al,1997,"Mateo, M. A., J. Romero, et al. (1997). ""Dynamics of millenary organic deposits resulting from the growth of the mediterranean seagrass Posidonia oceanica."" Estuarine Coastal and Shelf Science 44: 103-110.",field measurements,42.04_3.21,train
Seagrass,Ischia,Spain,40.72,13.9,Mateo et al,1997,"Mateo, M. A., J. Romero, et al. (1997). ""Dynamics of millenary organic deposits resulting from the growth of the mediterranean seagrass Posidonia oceanica."" Estuarine Coastal and Shelf Science 44: 103-110.",.,40.72_13.9,train
Seagrass,Tabarca 1,Spain,41.27,2.12,Mateo et al,1997,"Mateo, M. A., J. Romero, et al. (1997). ""Dynamics of millenary organic deposits resulting from the growth of the mediterranean seagrass Posidonia oceanica."" Estuarine Coastal and Shelf Science 44: 103-110.",field measurements,41.27_2.12,train
Seagrass,Campello,Spain,41.38,2.22,Mateo et al,1997,"Mateo, M. A., J. Romero, et al. (1997). ""Dynamics of millenary organic deposits resulting from the growth of the mediterranean seagrass Posidonia oceanica."" Estuarine Coastal and Shelf Science 44: 103-110.",field measurements,41.38_2.22,train
Mangrove,Sulawesi,Indonesia,1.69,124.96,Donato et al.,2011,"Donato, D., J. B. Kauffman, et al. (2011). ""Mangroves among the most carbon-rich forests in the tropics."" Nature Geoscience Online April 3, 2011.",.,1.69_124.96,train
Mangrove,"Orinoco Delta, Venezuela",Venezuela,9.25,-61.3,Vegas-Vilarubia,2010,"Vegas-Vilarrubia, T., F. Baritto, et al. (2010). ""Tropical histosols of the lower Orinoco delta, features and preliminary quantification of their carbon storage."" Geoderma 155: 280-288.",.,9.25_-61.3,train
Mangrove,Kosrae,Micronesia,5.35,162.96,Donato et al.,2011,"Donato, D., J. B. Kauffman, et al. (2011). ""Mangroves among the most carbon-rich forests in the tropics."" Nature Geoscience Online April 3, 2011.",.,5.35_162.96,train
Mangrove,Sulawesi,Indonesia,1.3,124.62,Donato et al.,2011,"Donato, D., J. B. Kauffman, et al. (2011). ""Mangroves among the most carbon-rich forests in the tropics."" Nature Geoscience Online April 3, 2011.",.,1.3_124.62,train
Mangrove,Sulawesi,Indonesia,1.75,124.74,Donato et al.,2011,"Donato, D., J. B. Kauffman, et al. (2011). ""Mangroves among the most carbon-rich forests in the tropics."" Nature Geoscience Online April 3, 2011.",.,1.75_124.74,train
Mangrove,Sulawesi,Indonesia,1.57,124.8,Donato et al.,2011,"Donato, D., J. B. Kauffman, et al. (2011). ""Mangroves among the most carbon-rich forests in the tropics."" Nature Geoscience Online April 3, 2011.",.,1.57_124.8,train
Mangrove,Palau,Philippines,7.35,134.54,Donato et al.,2011,"Donato, D., J. B. Kauffman, et al. (2011). ""Mangroves among the most carbon-rich forests in the tropics."" Nature Geoscience Online April 3, 2011.",.,7.35_134.54,train
Mangrove,Sulawesi,Indonesia,1.74,124.75,Donato et al.,2011,"Donato, D., J. B. Kauffman, et al. (2011). ""Mangroves among the most carbon-rich forests in the tropics."" Nature Geoscience Online April 3, 2011.",.,1.74_124.75,train
Mangrove,Yap,Micronesia,9.51,138.15,Donato et al.,2011,"Donato, D., J. B. Kauffman, et al. (2011). ""Mangroves among the most carbon-rich forests in the tropics."" Nature Geoscience Online April 3, 2011.",.,9.51_138.15,train
Mangrove,Java,Java,-7.71,108.96,Donato et al.,2011,"Donato, D., J. B. Kauffman, et al. (2011). ""Mangroves among the most carbon-rich forests in the tropics."" Nature Geoscience Online April 3, 2011.",.,-7.71_108.96,train
Mangrove,Yap,Micronesia,9.56,138.18,Donato et al.,2011,"Donato, D., J. B. Kauffman, et al. (2011). ""Mangroves among the most carbon-rich forests in the tropics."" Nature Geoscience Online April 3, 2011.",.,9.56_138.18,train
Mangrove,Yap,Micronesia,9.54,138.09,Donato et al.,2011,"Donato, D., J. B. Kauffman, et al. (2011). ""Mangroves among the most carbon-rich forests in the tropics."" Nature Geoscience Online April 3, 2011.",.,9.54_138.09,train
Mangrove,Kosrae,Micronesia,5.28,162.91,Donato et al.,2011,"Donato, D., J. B. Kauffman, et al. (2011). ""Mangroves among the most carbon-rich forests in the tropics."" Nature Geoscience Online April 3, 2011.",.,5.28_162.91,train
Mangrove,Yap,Micronesia,9.55,138.1,Donato et al.,2011,"Donato, D., J. B. Kauffman, et al. (2011). ""Mangroves among the most carbon-rich forests in the tropics."" Nature Geoscience Online April 3, 2011.",.,9.55_138.1,train
Mangrove,"Pohnpei Island, Micronesia",Micronesia,6.52,158.2,Fuiimoto et al.,1999,"Fujimoto, K., A. Imaya, et al. (1999). ""Belowground carbon storage of Micronesian mangrove forests."" Ecological Research 14: 409-413.",.,6.52_158.2,train
Mangrove,Yap,Micronesia,9.59,138.13,Donato et al.,2011,"Donato, D., J. B. Kauffman, et al. (2011). ""Mangroves among the most carbon-rich forests in the tropics."" Nature Geoscience Online April 3, 2011.",.,9.59_138.13,train
Mangrove,Kosrae,Micronesia,5.28,162.96,Donato et al.,2011,"Donato, D., J. B. Kauffman, et al. (2011). ""Mangroves among the most carbon-rich forests in the tropics."" Nature Geoscience Online April 3, 2011.",.,5.28_162.96,train
Mangrove,Java,Java,-7.72,108.97,Donato et al.,2011,"Donato, D., J. B. Kauffman, et al. (2011). ""Mangroves among the most carbon-rich forests in the tropics."" Nature Geoscience Online April 3, 2011.",.,-7.72_108.97,train
Mangrove,Kosrae,Micronesia,5.33,162.94,Donato et al.,2011,"Donato, D., J. B. Kauffman, et al. (2011). ""Mangroves among the most carbon-rich forests in the tropics."" Nature Geoscience Online April 3, 2011.",.,5.33_162.94,train
Mangrove,Borneo,Borneo,-2.74,111.71,Donato et al.,2011,"Donato, D., J. B. Kauffman, et al. (2011). ""Mangroves among the most carbon-rich forests in the tropics."" Nature Geoscience Online April 3, 2011.",.,-2.74_111.71,train
Mangrove,Borneo,Borneo,-2.74,111.74,Donato et al.,2011,"Donato, D., J. B. Kauffman, et al. (2011). ""Mangroves among the most carbon-rich forests in the tropics."" Nature Geoscience Online April 3, 2011.",.,-2.74_111.74,train
Mangrove,Borneo,Borneo,-2.78,111.7,Donato et al.,2011,"Donato, D., J. B. Kauffman, et al. (2011). ""Mangroves among the most carbon-rich forests in the tropics."" Nature Geoscience Online April 3, 2011.",.,-2.78_111.7,train
Mangrove,Borneo,Borneo,-2.85,111.74,Donato et al.,2011,"Donato, D., J. B. Kauffman, et al. (2011). ""Mangroves among the most carbon-rich forests in the tropics."" Nature Geoscience Online April 3, 2011.",.,-2.85_111.74,train
Mangrove,Borneo,Borneo,-2.86,111.73,Donato et al.,2011,"Donato, D., J. B. Kauffman, et al. (2011). ""Mangroves among the most carbon-rich forests in the tropics."" Nature Geoscience Online April 3, 2011.",.,-2.86_111.73,train
Mangrove,"Ganges-Brahmaputra Delta (Sundarbans, Bangladesh)",Bangladesh,22.26,89.63,Donato et al.,2011,"Donato, D., J. B. Kauffman, et al. (2011). ""Mangroves among the most carbon-rich forests in the tropics."" Nature Geoscience Online April 3, 2011.",.,22.26_89.63,train
Mangrove,"Ganges-Brahmaputra Delta (Sundarbans, Bangladesh)",Bangladesh,22.32,89.63,Donato et al.,2011,"Donato, D., J. B. Kauffman, et al. (2011). ""Mangroves among the most carbon-rich forests in the tropics."" Nature Geoscience Online April 3, 2011.",.,22.32_89.63,train
Mangrove,Sulawesi,Indonesia,1.37,124.55,Donato et al.,2011,"Donato, D., J. B. Kauffman, et al. (2011). ""Mangroves among the most carbon-rich forests in the tropics."" Nature Geoscience Online April 3, 2011.",.,1.37_124.55,train
Mangrove,"CAR, Columbia",Colombia,11,-74.2,Chmura et al.,2003,"Chmura, G. L., S. C. Anisfeld, et al. (2003). ""Global carbon sequestration in tidal, saline wetland soils."" Global Biogeochemical Cycles 17(4): 1-12.",Cardona and Botero 1998,11.0_-74.2,train
Mangrove,"FL keys: Lignumvitae, to Key Largo",FL Keys,25,-80.6,Chmura et al.,2003,"Chmura, G. L., S. C. Anisfeld, et al. (2003). ""Global carbon sequestration in tidal, saline wetland soils."" Global Biogeochemical Cycles 17(4): 1-12.",Callaway et al 1997,25.0_-80.6,valid
Mangrove,Kosrae,Micronesia,5.3,163,Chmura et al.,2003,"Chmura, G. L., S. C. Anisfeld, et al. (2003). ""Global carbon sequestration in tidal, saline wetland soils."" Global Biogeochemical Cycles 17(4): 1-12.",Cahoon unpublished data 1993,5.3_163.0,train
Mangrove,"Rookery Bay, Fla.",FL Keys,26,-81.7,Chmura et al.,2003,"Chmura, G. L., S. C. Anisfeld, et al. (2003). ""Global carbon sequestration in tidal, saline wetland soils."" Global Biogeochemical Cycles 17(4): 1-12.",Cahoon and Lynch unpublished data 1994,26.0_-81.7,valid
Mangrove,"Rookery Bay, Fla. (Sheltered Island)",FL Keys,26,-81.8,Chmura et al.,2003,"Chmura, G. L., S. C. Anisfeld, et al. (2003). ""Global carbon sequestration in tidal, saline wetland soils."" Global Biogeochemical Cycles 17(4): 1-12.",Cahoon and Lynch 1997,26.0_-81.8,valid
Mangrove,"S1, Shark River Estuary, Fla.",FL Keys,25,-80.8,Chmura et al.,2003,"Chmura, G. L., S. C. Anisfeld, et al. (2003). ""Global carbon sequestration in tidal, saline wetland soils."" Global Biogeochemical Cycles 17(4): 1-12.",Chen And Twilley 1999,25.0_-80.8,valid
Mangrove,"S3, Shark River Estuary, Fla.",FL Keys,25,-81.1,Chmura et al.,2003,"Chmura, G. L., S. C. Anisfeld, et al. (2003). ""Global carbon sequestration in tidal, saline wetland soils."" Global Biogeochemical Cycles 17(4): 1-12.",Chen And Twilley 1999,25.0_-81.1,valid
Mangrove,"Southeast Everglades, Fla.",South Florida,25.3,-80.6,Chmura et al.,2003,"Chmura, G. L., S. C. Anisfeld, et al. (2003). ""Global carbon sequestration in tidal, saline wetland soils."" Global Biogeochemical Cycles 17(4): 1-12.",Ross et al 2000,25.3_-80.6,valid
Mangrove,"Terminos Lagoon, Boca Chica, Mexico",Mexico,18.7,-91.5,Chmura et al.,2003,"Chmura, G. L., S. C. Anisfeld, et al. (2003). ""Global carbon sequestration in tidal, saline wetland soils."" Global Biogeochemical Cycles 17(4): 1-12.",Lynch 1989,18.7_-91.5,train
Mangrove,SW Florida,FL Keyes,25.8,-81.54,Cebrian,2002,"Cebrian, J. (2002). ""Variability and control of carbon consumption, export, and accumulation in marine communities."" Limnology and Oceanography 47(1): 11-22.",Twilley et al. 1986,25.8_-81.54,valid
Mangrove,Victoria Australia,Australia,-38.5,144.66,Cebrian,2002,"Cebrian, J. (2002). ""Variability and control of carbon consumption, export, and accumulation in marine communities."" Limnology and Oceanography 47(1): 11-22.",Van der Walk and Attiwill 1984,-38.5_144.66,test
Mangrove,"Core 576, Herbert River region, Australia",Australia,-18.5,146.32,Chmura et al.,2003,"Chmura, G. L., S. C. Anisfeld, et al. (2003). ""Global carbon sequestration in tidal, saline wetland soils."" Global Biogeochemical Cycles 17(4): 1-12.",Brunskill et al. 2002,-18.5_146.32,test
Mangrove,Puerto Rico,Puerto Rico,18.54,-66.53,Cebrian,2002,"Cebrian, J. (2002). ""Variability and control of carbon consumption, export, and accumulation in marine communities."" Limnology and Oceanography 47(1): 11-22.",Golley et al. 1962,18.54_-66.53,train
Mangrove,"HMF 3, Hinchinbrook Channel, Australia",Australia,-18.36,146.16,Chmura et al.,2003,"Chmura, G. L., S. C. Anisfeld, et al. (2003). ""Global carbon sequestration in tidal, saline wetland soils."" Global Biogeochemical Cycles 17(4): 1-12.",Alongi et al 1999,-18.36_146.16,test
Mangrove,Hong Kong,China,22.27,113.78,Cebrian,2002,"Cebrian, J. (2002). ""Variability and control of carbon consumption, export, and accumulation in marine communities."" Limnology and Oceanography 47(1): 11-22.",Li and Lee 1998,22.27_113.78,train
Mangrove,South African,South Africa,-32.25,18.02,Cebrian,2002,"Cebrian, J. (2002). ""Variability and control of carbon consumption, export, and accumulation in marine communities."" Limnology and Oceanography 47(1): 11-22.",Emmerson and McGwynne 1992,-32.25_18.02,train
Mangrove,"Fujian,  China","Fujian,  China",24.4,118.5,Twilley,1992,"Twilley, R. R., R. H. Chen, et al. (1992). ""Carbon sinks in mangroves and their implications to carbon budget of tropical ecosystems."" Water, Air, and Soil Pollution 63: 265-288.",Lin et al. 1985,24.4_118.5,train
Mangrove,"Hainan,  China","Hainan,  China",19.88,110.65,Twilley,1992,"Twilley, R. R., R. H. Chen, et al. (1992). ""Carbon sinks in mangroves and their implications to carbon budget of tropical ecosystems."" Water, Air, and Soil Pollution 63: 265-288.",Lin et al. 1990,19.88_110.65,train
Mangrove,Hong  Kong,Hong  Kong,23,114.41,Twilley,1992,"Twilley, R. R., R. H. Chen, et al. (1992). ""Carbon sinks in mangroves and their implications to carbon budget of tropical ecosystems."" Water, Air, and Soil Pollution 63: 265-288.",Lee  1990,23.0_114.41,train
Mangrove,"Estero Pargo, Mexico",Mexico,18.58,-103.46,Twilley,1992,"Twilley, R. R., R. H. Chen, et al. (1992). ""Carbon sinks in mangroves and their implications to carbon budget of tropical ecosystems."" Water, Air, and Soil Pollution 63: 265-288.",Day  et al. 1987,18.58_-103.46,train
Mangrove,Puerto Rico,Puerto Rico,18,-67.19,Twilley,1992,"Twilley, R. R., R. H. Chen, et al. (1992). ""Carbon sinks in mangroves and their implications to carbon budget of tropical ecosystems."" Water, Air, and Soil Pollution 63: 265-288.",Golley et al.  1962,18.0_-67.19,train
Mangrove,"Phuket,  Thailand",Thailand,8,98.4,Twilley,1992,"Twilley, R. R., R. H. Chen, et al. (1992). ""Carbon sinks in mangroves and their implications to carbon budget of tropical ecosystems."" Water, Air, and Soil Pollution 63: 265-288.",Christensen   1978,8.0_98.4,train
Mangrove,Pagbilao,Philippines,13.82,121.55,Fugimoto and Miyagi ,1993,"Fugimoto, K. and T. Miyagi (1993). ""Development process of tidal-flat type mangrove habitats and their zonation in the Pacific Ocean."" Vegetatio 106: 137-146.",.,13.82_121.55,train
Mangrove,"Tobacco Range, Belize",Belize,16.89,-88.09,Macintyre et al.,1995,"Macintyre, I. G., M. M. Littler, et al. (1995). ""Holocene history of Tobacco Range, Belize, Central America."" Atoll Research Bulletin 430: 1-18.",.,16.89_-88.09,train